Name,Email,Date,Address,City,Region,Country,Zip,Phone
Ivor M. Robbins,ligula.Aliquam.erat@metusvitaevelit.edu,24/02/1965,3118 Et Avenue,Châlons-en-Champagne,CH,San Marino,8040,1-761-312-3946
Jeanette Y. Warner,congue@dictum.edu,21/10/1979,"Ap #222-320 Non, St.",Whitewater Region Township,ON,Guatemala,BW7N 2KB,324-3721
Jermaine G. Pearson,cursus@diam.net,07/03/2015,"P.O. Box 112, 4908 A, Av.",Hamburg,HH,Montserrat,40902,472-3220
Sade Kemp,vulputate.risus.a@parturient.org,11/07/1992,Ap #219-340 Dolor. Rd.,Calera,Valparaíso,"Korea, South",69477-555,496-5855
Akeem Conley,in.consectetuer@felisadipiscingfringilla.com,20/12/1957,Ap #118-2737 Fringilla. St.,Alcobendas,Madrid,Tanzania,54111,736-1364
Inez Rice,dapibus.gravida@Nullatincidunt.co.uk,05/04/2008,888-9234 Tristique Rd.,Göteborg,Västra Götalands län,Niue,3907,1-782-380-6842
Erasmus Clay,non.lacinia@natoquepenatibuset.co.uk,25/10/1971,"P.O. Box 999, 5981 Ut Rd.",Blaenau Ffestiniog,Merionethshire,Macedonia,170599,464-5561
Veda Fowler,erat.Etiam.vestibulum@Morbinonsapien.org,12/11/1962,Ap #731-6373 Vivamus Rd.,Cambiago,LOM,Lesotho,85195,1-870-762-4365
Raya Olson,odio.tristique.pharetra@a.com,01/05/1983,368-8017 Donec Av.,Tourcoing,NO,Chile,56983,1-924-307-0866
Medge Y. Everett,erat.Etiam.vestibulum@ultricies.org,26/01/1963,"362-545 Ullamcorper, St.",Birmingham,Alabama,Singapore,6484,1-296-494-9934
Aristotle Pitts,dis.parturient.montes@mitempor.org,06/04/1952,"P.O. Box 783, 8061 Mauris Road",Awka,AN,Cameroon,31899,115-1150
MacKenzie Ayers,et.risus@eteuismod.net,28/11/2004,178-511 Tincidunt Av.,Nicoya,Guanacaste,Nauru,95569,1-221-358-7420
Vance Mason,arcu@liberoProin.co.uk,11/09/1976,"P.O. Box 942, 8643 Ipsum Rd.",Mango,JH,Guatemala,5042,317-3296
Portia Reeves,Duis@massarutrummagna.edu,12/03/1994,134-7989 Enim. Rd.,Lanester,BR,Georgia,Y5X 9SW,648-5283
Lance N. Matthews,dis.parturient@Nunc.net,28/10/2009,Ap #694-7015 Erat Rd.,Carapicuíba,SP,India,222496,1-590-667-8326
Ivan M. Simmons,justo@pedeet.ca,30/08/1953,8270 Auctor St.,Maglie,Puglia,Northern Mariana Islands,255327,676-0202
Ralph Y. Gibbs,sapien@elitpretium.net,28/03/2011,Ap #356-7257 Molestie Rd.,Värnamo,F,Togo,86-830,642-5797
Claudia Langley,placerat.orci@magnamalesuadavel.ca,11/12/1956,231-663 Fusce Rd.,Laken,Brussels Hoofdstedelijk Gewest,Oman,89872,200-3892
Carter F. Meadows,porta.elit@auctor.edu,03/05/2016,Ap #791-8897 Sodales Rd.,Bida,NI,Heard Island and Mcdonald Islands,Z1 1BK,880-5973
Sade N. Brown,In.mi@blanditat.com,20/01/1948,1161 Lacinia Av.,North Shore,North Island,Iran,CX62 4WK,127-7429
Holly Downs,ac.ipsum@quisdiam.org,15/09/1950,Ap #906-4818 Quisque Rd.,Montes Claros,MG,Sint Maarten,8752,738-2564
Sade Kemp,molestie.tortor.nibh@diam.co.uk,12/01/1942,7678 Quisque Av.,Lakewood,Colorado,Poland,90111-486,1-286-317-0469
Burke Y. Mueller,vitae@mifelis.edu,30/12/1977,4028 Erat Rd.,Forchies-la-Marche,Henegouwen,Malawi,Y4Z 0K5,1-582-521-7499
Vincent A. Shaffer,lorem.vitae@rhoncusProinnisl.org,17/04/1947,178-8514 Et St.,Istanbul,Ist,India,33668-190,1-726-108-3585
Nehru Fuller,Aliquam.ornare.libero@sapien.edu,13/11/1973,"P.O. Box 736, 9600 Sem. Rd.",Blenheim,South Island,Antarctica,UN59 9US,401-7226
Louis Griffin,parturient.montes.nascetur@Curabitur.co.uk,15/04/2002,"P.O. Box 388, 9928 Sit Avenue",Khandwa,MP,Timor-Leste,445627,770-0481
Colton Mosley,molestie.dapibus.ligula@ultriciesdignissim.co.uk,27/09/1989,Ap #227-5858 Nisl. Street,Biloxi,MS,Israel,61816,827-6862
Cain Q. Ramirez,sit.amet.ultricies@nullamagnamalesuada.edu,02/05/1941,"P.O. Box 279, 7840 Blandit Av.",Vienna,Vienna,Bolivia,4316,306-1197
Carlos Albert,Phasellus.fermentum.convallis@duilectus.co.uk,03/11/1952,2631 Risus. Street,Araban,Gaziantep,Iceland,304943,1-850-492-0976
Echo Spencer,ut.eros.non@imperdietnec.ca,04/06/1992,"P.O. Box 901, 5566 Praesent St.",Wilmington,Delaware,Guinea-Bissau,2152,204-9889
Ingrid Rich,quis.arcu.vel@Fuscealiquet.ca,22/01/1999,"P.O. Box 951, 1169 Vulputate, Avenue",Chattanooga,Tennessee,Uganda,6147,1-381-565-1764
Tiger Holden,non@bibendum.ca,25/08/1972,Ap #825-5169 Vel Avenue,Maria,QC,Bolivia,11818,668-8818
Daniel X. Kane,Proin@Sednunc.edu,30/09/1968,3078 Egestas. Rd.,Mahbubnagar,Andhra Pradesh,Mauritius,41-551,177-2747
Xanthus U. Parsons,Proin@ideratEtiam.com,24/01/1967,"P.O. Box 129, 7836 Natoque Rd.",Dos Hermanas,AN,Guyana,74469,1-756-958-3793
Coby F. Knapp,mollis@Curabiturvel.com,26/09/1996,Ap #899-4564 A Road,Polatli,Ankara,India,31863,1-106-772-6293
Jermaine Y. Ruiz,Pellentesque.ut.ipsum@Pellentesque.edu,25/03/1954,"P.O. Box 289, 7022 Lorem Rd.",Angol,IX,Italy,2797,1-956-173-3954
Calvin G. Barton,mi@duiinsodales.co.uk,22/10/1975,"P.O. Box 306, 8711 Mauris Road",Los Vilos,Coquimbo,United Kingdom (Great Britain),54-591,750-5355
Lacota Banks,et.euismod@lectuspedeet.com,12/07/1952,5454 Diam St.,Lanco,Los Ríos,Libya,6629,1-829-595-3659
Robin O. Galloway,pharetra@feugiatLoremipsum.net,04/12/2001,"P.O. Box 901, 9886 Pellentesque Road",Motta Visconti,Lombardia,Lesotho,1672,1-995-174-6831
Teegan Fernandez,malesuada@faucibusorci.ca,09/01/1975,"751-4629 Sed, Avenue",Flushing,Zl,Sao Tome and Principe,57502,1-735-344-3606
Lani C. Levine,enim.condimentum.eget@lacinia.ca,21/12/1999,"Ap #755-1151 Vestibulum, St.",St. Thomas,ON,Mexico,53208,349-3420
Colt V. Daniel,Quisque@neque.co.uk,27/04/1949,Ap #376-6695 Faucibus Rd.,San Rafael Abajo,San José,Indonesia,81960,1-426-539-9952
Justina Baxter,Cras.interdum@ullamcorpermagna.ca,21/09/1996,Ap #727-8458 Purus St.,Mahbubnagar,AP,Guam,5816,537-8942
Ivana M. Davenport,erat.Sed.nunc@fringillaporttitorvulputate.com,10/08/1961,844-5191 Faucibus Rd.,Veere,Zeeland,Kenya,99339,441-1523
Raphael H. Marsh,neque@milacinia.org,05/02/1982,6089 A Road,Starachowice,SK,Western Sahara,57178,618-1151
James Sampson,cursus.et.eros@Sed.net,01/01/1955,6999 Primis Avenue,Cork,Munster,Moldova,46978-074,1-304-161-2505
Jaquelyn Newman,erat.volutpat.Nulla@utpharetra.co.uk,14/08/2012,2425 Aliquet Street,San Rafael,Alajuela,Northern Mariana Islands,90391,1-362-796-3630
Hanna A. Rice,nunc@Namtempordiam.com,05/09/1968,"P.O. Box 353, 9473 Est, Av.",Moncton,NB,Oman,54038,1-715-288-2075
Eleanor V. Hunter,tincidunt.nunc@semperauctorMauris.com,25/09/1972,"P.O. Box 933, 9754 Erat Rd.",Vienna,Wie,Denmark,10568,112-6155
Melissa Williamson,quis.diam@ante.ca,22/03/1980,9044 Malesuada St.,Adana,Ada,China,99564,1-940-718-7279
Beau Pratt,pulvinar.arcu@lorem.edu,18/07/2011,9855 Convallis Rd.,Abaetetuba,PA,Holy See (Vatican City State),G1E 0P3,141-2408
Andrew B. Dodson,Cras.lorem.lorem@orciUt.net,28/02/1959,"P.O. Box 402, 7505 Integer St.",Lowell,Massachusetts,Côte D'Ivoire (Ivory Coast),9486,266-6382
Nevada B. Schroeder,lorem.tristique@nonegestas.org,22/12/1957,Ap #309-3842 Non Rd.,Stonehaven,Kincardineshire,Montenegro,2375,106-6380
Vera Adkins,diam.Proin.dolor@semmollis.net,05/08/2015,Ap #643-6172 Ut Road,Feilding,NI,Papua New Guinea,933678,1-296-899-0218
Evan Flynn,a@acsemut.net,18/02/2013,Ap #579-787 Nibh. Ave,Åkersberga,Stockholms län,Maldives,H0A 3Z6,146-6229
Mariam S. Waters,non@egestashendrerit.com,15/06/1985,5819 Viverra. St.,Ballarat,VIC,Saint Lucia,QZ04 6BG,1-106-261-1248
Troy Russo,eu@sit.co.uk,29/10/1957,3573 Lectus Rd.,Kalgoorlie-Boulder,WA,Anguilla,F2 7PF,1-858-880-6505
Chastity Sandoval,dictum.mi.ac@Maecenaslibero.org,03/08/1969,2153 Egestas Avenue,Salt Lake City,UT,Liberia,UH25 4BI,352-6050
Delilah Holt,consectetuer.adipiscing@magnaLorem.ca,20/10/1970,2068 Ligula Street,Montpellier,Languedoc-Roussillon,Guam,0596HX,857-7617
Kirby S. Spears,Donec.feugiat@Maecenasiaculis.net,18/11/1960,936-5161 Faucibus. Rd.,Geel,AN,Saudi Arabia,2307FL,1-804-380-7244
Herman Frost,Nullam@Curabitursedtortor.ca,05/05/1974,Ap #984-5003 Volutpat Road,Jaranwala,PB,Dominica,71180,1-838-364-0140
Lydia N. Mcbride,ipsum.non@nec.net,04/08/1954,"P.O. Box 560, 6101 Cras Rd.",Cisnes,Aisén,Trinidad and Tobago,235642,1-669-720-2106
Brandon Baker,et@ettristique.edu,30/06/1964,"P.O. Box 832, 9373 Erat, Avenue",Acquasanta Terme,Marche,Uzbekistan,4291,1-731-173-2374
Leroy House,blandit.enim@eueleifend.net,08/10/1957,"P.O. Box 402, 1654 Ac Road",Santa Rita,Paraíba,Montenegro,0546,1-101-678-4521
Renee Clemons,sociis.natoque.penatibus@variusultricesmauris.edu,28/02/1956,"P.O. Box 648, 8007 Sociis Avenue",Bremen,HB,"Virgin Islands, British",04408,216-2517
Jorden Singleton,metus@consectetuereuismod.ca,25/06/1992,5995 Quisque Rd.,Blue Mountains,New South Wales,Micronesia,41717,1-631-627-8412
Quynn B. Roach,massa.Quisque.porttitor@elitpedemalesuada.ca,10/08/1952,"P.O. Box 879, 8508 Id Avenue",San Francisco,H,Ecuador,63926,1-201-603-8288
Candace V. Workman,Aliquam@eleifendnon.edu,14/01/1972,493-9998 Non Road,Berlin,BE,Western Sahara,691183,1-218-372-2196
Ulysses Boone,ac@aliquet.com,13/10/1988,"P.O. Box 476, 3179 Donec Ave",Shepparton,VIC,Poland,998889,999-4146
Nichole N. Brennan,ipsum.Suspendisse.sagittis@egestasascelerisque.edu,17/06/2015,"P.O. Box 109, 487 Odio Av.",Doñihue,O'Higgins,Brunei,513977,870-1937
Yoko Ingram,at.egestas@scelerisque.org,12/01/1954,851-9689 Aliquam Avenue,Augusta,GA,Antigua and Barbuda,526260,337-5935
Maisie V. Dominguez,interdum@maurisSuspendissealiquet.ca,18/08/1955,Ap #157-5704 Nullam Street,Georgia,Georgia,Cameroon,21544,1-342-240-5120
Merritt R. Campbell,hymenaeos@eratneque.co.uk,11/06/1984,151-3879 Lobortis Avenue,Alanya,Antalya,Trinidad and Tobago,64382,448-0900
Anne Collins,sagittis@tellus.com,03/08/1967,"P.O. Box 953, 1641 Id Rd.",Whitchurch-Stouffville,Ontario,Ethiopia,M1R 3W8,1-834-174-6074
Macaulay U. Vincent,in.consectetuer@elementum.edu,07/01/1984,667-2191 In Street,Mata de Plátano,San José,Botswana,16378-650,1-489-424-6075
Myles Lawson,vitae.posuere@enimconsequatpurus.net,15/03/2001,2867 Tempus St.,Newark,DE,Kiribati,66-842,112-7694
Shaine T. Fry,elementum@egestas.co.uk,06/05/2010,987-6644 Nulla Av.,Gliwice,SL,Mayotte,UX0 2WJ,1-160-496-0979
Amy G. Ray,interdum.Sed@blanditenimconsequat.edu,16/01/1994,"P.O. Box 994, 7588 Tempus Rd.",Albacete,CM,New Zealand,N8G 1K1,1-858-275-2776
Chastity O. Rose,augue.id@lorem.com,16/12/1957,"P.O. Box 725, 9981 Eu St.",Ferlach,Ktn,Nigeria,NH70 9YF,348-3106
Xyla G. Nolan,arcu@Phasellus.co.uk,19/08/1942,Ap #701-8801 Sodales Road,Baricella,ERM,Ireland,61259,1-767-108-6490
Genevieve D. Hensley,litora.torquent.per@hendreritDonecporttitor.ca,15/11/1996,Ap #347-6369 Pellentesque Rd.,Ludvika,W,Peru,6503,1-164-856-6720
TaShya Myers,ipsum@liberoMorbi.com,19/09/2012,2759 Massa. Street,Bauchi,Bauchi,Lesotho,56424-917,1-943-981-2814
Kyra Sanders,ipsum@eu.net,24/10/1976,"P.O. Box 957, 7580 Placerat, Rd.",Hillsboro,OR,Guernsey,9517,963-8985
Jack B. Flowers,gravida.mauris@quislectusNullam.ca,09/04/1955,857-7621 Donec St.,Livingston,WL,Oman,L1B 2N3,1-682-802-2942
Amela U. Cummings,Vestibulum.accumsan.neque@Nunc.co.uk,02/05/1999,6273 Malesuada Av.,Punitaqui,IV,Kuwait,793232,554-1899
Amanda T. Contreras,turpis@risus.ca,18/03/2008,507-3621 Odio. Ave,Ottignies-Louvain-la-Neuve,WB,Åland Islands,17703,600-5895
Maisie Herrera,felis@magnaCras.edu,02/08/1982,Ap #784-4394 Integer St.,Sasaram,BR,Northern Mariana Islands,77187,576-0932
Velma Barnett,egestas.Aliquam.fringilla@nibhPhasellus.co.uk,07/05/2011,7872 Consectetuer Rd.,San Rafael,Alajuela,Kenya,33919,591-2046
Irene P. Flynn,Vivamus.sit@porttitorinterdumSed.com,13/03/1989,3359 Sed Avenue,Dubbo,New South Wales,Isle of Man,1839,1-633-331-9494
Lavinia G. Koch,eu.lacus@erosNamconsequat.ca,15/10/1941,4633 Id Avenue,Berlin,Berlin,Comoros,45228,907-6799
Daniel Terrell,pede.Cras@utnulla.co.uk,02/03/1974,"P.O. Box 581, 3797 Nullam Ave",Fortaleza,Ceará,Chad,29140,371-4704
Alika X. Vazquez,orci@cursusvestibulumMauris.org,04/02/1993,577-9315 Sed Rd.,Mogi das Cruzes,SP,Guinea-Bissau,17-814,546-1601
Yasir E. Hewitt,Nulla@Maurisquis.com,14/12/1990,"P.O. Box 785, 9982 Et Av.",Istanbul,Istanbul,Jersey,57561,1-965-930-6229
Xenos U. Goff,Cras@nisiCumsociis.com,06/04/2014,"P.O. Box 707, 6694 Duis St.",Leganés,Madrid,Romania,41212,1-155-288-4753
Barrett Bond,dignissim.magna@risusat.net,01/03/1992,"P.O. Box 650, 5978 Et Rd.",Mobile,Alabama,Philippines,3251,225-1630
Chantale Q. Gomez,penatibus.et.magnis@vestibulum.org,03/10/1958,5738 Ut Street,Bremen,HB,Finland,9227,1-481-827-1578
Lareina Guthrie,amet@at.ca,26/04/1953,"P.O. Box 409, 1132 Cubilia Ave",Montpelier,VT,South Sudan,66113,1-849-703-6972
Clementine Bolton,Nam@nec.org,21/03/1942,7737 Fusce Avenue,Angleur,LU,Netherlands,83194,438-8513
Olivia O. Reid,felis.ullamcorper@ridiculus.co.uk,26/12/1978,"P.O. Box 673, 6217 Feugiat Ave",Dublin,L,Christmas Island,2318,1-788-283-7408
Porter Y. Anthony,tincidunt.adipiscing.Mauris@Nullamscelerisque.com,12/02/2000,8295 Eu Road,Duluth,MN,Denmark,37740,1-376-376-3955